{
    "$schema": "https://schemas.wp.org/trunk/theme.json",
    "version": 3,
    "title": "Cornflower",
    "categories": [
        "professional",
        "serene",
        "corporate",
        "business"
    ],
    "settings": {
        "color": {
            "palette": [
                {
                    "color": "#C3CDD7",
                    "name": "Color 3",
                    "slug": "theme-3"
                },
                {
                    "color": "#B0BECA",
                    "name": "Color 2",
                    "slug": "theme-2"
                },
                {
                    "color": "#C47443",
                    "name": "Color 5",
                    "slug": "theme-5"
                },
                {
                    "color": "#BA6C3B",
                    "name": "Color 4",
                    "slug": "theme-4"
                },
                {
                    "color": "#0F0F0F",
                    "name": "Color 6",
                    "slug": "theme-6"
                },
                {
                    "color": "#FFFFFF",
                    "name": "Color 1",
                    "slug": "theme-1"
                }
            ],
            "duotone": [
                {
                    "colors": [
                        "#BA6C3B",
                        "#C3CDD7"
                    ],
                    "slug": "duotone-1",
                    "name": "Duotone 1"
                },
                {
                    "colors": [
                        "#0F0F0F",
                        "#B0BECA"
                    ],
                    "slug": "duotone-2",
                    "name": "Duotone 2"
                }
            ],
            "gradients": [
                {
                    "slug": "gradient-text-transparent",
                    "gradient": "linear-gradient(to bottom, var(--wp--preset--color--theme-6) -50%, transparent 50%)",
                    "name": "Text to Transparent"
                },
                {
                    "slug": "gradient-1-2",
                    "gradient": "linear-gradient(to bottom, var(--wp--preset--color--theme-3) 0%, var(--wp--preset--color--theme-2) 100%)",
                    "name": "Gradient 1"
                },
                {
                    "slug": "gradient-1-3",
                    "gradient": "linear-gradient(to bottom, var(--wp--preset--color--theme-3) 0%, var(--wp--preset--color--theme-5) 100%)",
                    "name": "Gradient 2"
                },
                {
                    "slug": "gradient-1-4",
                    "gradient": "linear-gradient(to bottom, var(--wp--preset--color--theme-3) 0%, var(--wp--preset--color--theme-4) 100%)",
                    "name": "Gradient 3"
                },
                {
                    "slug": "gradient-1-5",
                    "gradient": "linear-gradient(to bottom, var(--wp--preset--color--theme-3) 0%, var(--wp--preset--color--theme-6) 100%)",
                    "name": "Gradient 4"
                },
                {
                    "slug": "gradient-1-6",
                    "gradient": "linear-gradient(to bottom, var(--wp--preset--color--theme-3) 0%, var(--wp--preset--color--theme-1) 100%)",
                    "name": "Gradient 5"
                },
                {
                    "slug": "gradient-2-3",
                    "gradient": "linear-gradient(to bottom, var(--wp--preset--color--theme-2) 0%, var(--wp--preset--color--theme-5) 100%)",
                    "name": "Gradient 6"
                },
                {
                    "slug": "gradient-2-4",
                    "gradient": "linear-gradient(to bottom, var(--wp--preset--color--theme-2) 0%, var(--wp--preset--color--theme-4) 100%)",
                    "name": "Gradient 7"
                },
                {
                    "slug": "gradient-2-5",
                    "gradient": "linear-gradient(to bottom, var(--wp--preset--color--theme-2) 0%, var(--wp--preset--color--theme-6) 100%)",
                    "name": "Gradient 8"
                },
                {
                    "slug": "gradient-2-6",
                    "gradient": "linear-gradient(to bottom, var(--wp--preset--color--theme-2) 0%, var(--wp--preset--color--theme-1) 100%)",
                    "name": "Gradient 9"
                },
                {
                    "slug": "gradient-3-4",
                    "gradient": "linear-gradient(to bottom, var(--wp--preset--color--theme-5) 0%, var(--wp--preset--color--theme-4) 100%)",
                    "name": "Gradient 10"
                },
                {
                    "slug": "gradient-3-5",
                    "gradient": "linear-gradient(to bottom, var(--wp--preset--color--theme-5) 0%, var(--wp--preset--color--theme-6) 100%)",
                    "name": "Gradient 11"
                },
                {
                    "slug": "gradient-3-6",
                    "gradient": "linear-gradient(to bottom, var(--wp--preset--color--theme-5) 0%, var(--wp--preset--color--theme-1) 100%)",
                    "name": "Gradient 12"
                },
                {
                    "slug": "gradient-4-5",
                    "gradient": "linear-gradient(to bottom, var(--wp--preset--color--theme-4) 0%, var(--wp--preset--color--theme-6) 100%)",
                    "name": "Gradient 13"
                },
                {
                    "slug": "gradient-4-6",
                    "gradient": "linear-gradient(to bottom, var(--wp--preset--color--theme-4) 0%, var(--wp--preset--color--theme-1) 100%)",
                    "name": "Gradient 14"
                },
                {
                    "slug": "gradient-5-6",
                    "gradient": "linear-gradient(to bottom, var(--wp--preset--color--theme-6) 0%, var(--wp--preset--color--theme-1) 100%)",
                    "name": "Gradient 15"
                }
            ]
        }
    },
    "styles": {
        "color": {
            "background": "var(--wp--preset--color--theme-2)",
            "text": "var(--wp--preset--color--theme-6)"
        },
        "blocks": {
            "core/separator": {
                "color": {
                    "background": "var(--wp--preset--color--theme-6)",
                    "text": "var(--wp--preset--color--theme-6)"
                }
            }
        },
        "elements": {
            "heading": {
                "color": {
                    "text": "var(--wp--preset--color--theme-6)"
                }
            },
            "link": {
                "color": {
                    "text": {
                        "ref": "styles.color.text"
                    }
                }
            },
            "button": {
                "color": {
                    "background": "var(--wp--preset--color--theme-6)",
                    "text": "var(--wp--preset--color--theme-1)"
                },
                ":hover": {
                    "color": {
                        "background": "#0F0F0FE8",
                        "text": "var(--wp--preset--color--theme-1)"
                    }
                }
            }
        },
        "variations": {
            "section-1": {
                "color": {
                    "background": "var(--wp--preset--color--theme-1)",
                    "text": "var(--wp--preset--color--theme-6)"
                },
                "blocks": {
                    "core/paragraph": {
                        "elements": {
                            "link": {
                                "color": {
                                    "text": "var(--wp--preset--color--theme-6)"
                                }
                            }
                        }
                    },
                    "core/separator": {
                        "color": {
                            "background": "var(--wp--preset--color--theme-6)",
                            "text": "var(--wp--preset--color--theme-6)"
                        }
                    }
                },
                "elements": {
                    "link": {
                        "color": {
                            "text": "var(--wp--preset--color--theme-6)"
                        }
                    },
                    "button": {
                        "color": {
                            "background": "var(--wp--preset--color--theme-6)",
                            "text": "var(--wp--preset--color--theme-1)"
                        },
                        ":hover": {
                            "color": {
                                "background": "#0F0F0FE8",
                                "text": "var(--wp--preset--color--theme-1)"
                            }
                        }
                    },
                    "heading": {
                        "color": {
                            "text": "var(--wp--preset--color--theme-6)"
                        }
                    }
                }
            },
            "section-2": {
                "color": {
                    "background": "var(--wp--preset--color--theme-4)",
                    "text": "var(--wp--preset--color--theme-6)"
                },
                "blocks": {
                    "core/paragraph": {
                        "elements": {
                            "link": {
                                "color": {
                                    "text": "var(--wp--preset--color--theme-6)"
                                }
                            }
                        }
                    },
                    "core/separator": {
                        "color": {
                            "background": "var(--wp--preset--color--theme-6)",
                            "text": "var(--wp--preset--color--theme-6)"
                        }
                    }
                },
                "elements": {
                    "link": {
                        "color": {
                            "text": "var(--wp--preset--color--theme-6)"
                        }
                    },
                    "button": {
                        "color": {
                            "background": "var(--wp--preset--color--theme-6)",
                            "text": "var(--wp--preset--color--theme-1)"
                        },
                        ":hover": {
                            "color": {
                                "background": "#0F0F0FE8",
                                "text": "var(--wp--preset--color--theme-1)"
                            }
                        }
                    },
                    "heading": {
                        "color": {
                            "text": "var(--wp--preset--color--theme-6)"
                        }
                    }
                }
            },
            "section-3": {
                "color": {
                    "background": "var(--wp--preset--color--theme-6)",
                    "text": "var(--wp--preset--color--theme-2)"
                },
                "blocks": {
                    "core/paragraph": {
                        "elements": {
                            "link": {
                                "color": {
                                    "text": "var(--wp--preset--color--theme-2)"
                                }
                            }
                        }
                    },
                    "core/separator": {
                        "color": {
                            "background": "var(--wp--preset--color--theme-2)",
                            "text": "var(--wp--preset--color--theme-2)"
                        }
                    }
                },
                "elements": {
                    "link": {
                        "color": {
                            "text": "var(--wp--preset--color--theme-2)"
                        }
                    },
                    "button": {
                        "color": {
                            "background": "var(--wp--preset--color--theme-2)",
                            "text": "var(--wp--preset--color--theme-6)"
                        },
                        ":hover": {
                            "color": {
                                "background": "var(--wp--preset--color--theme-3)",
                                "text": "var(--wp--preset--color--theme-6)"
                            }
                        }
                    },
                    "heading": {
                        "color": {
                            "text": "var(--wp--preset--color--theme-2)"
                        }
                    }
                }
            }
        }
    }
}
