{
	"$schema": "https://schemas.wp.org/trunk/theme.json",
	"version": 3,
	"title": "Messapia & Bricolage",
	"categories": [
		"experimental",
		"bold",
		"vintage",
		"unique",
		"dramatic",
		"artistic"
	  ],
	"settings": {
		"typography": {
			"fontSizes": [
				{
					"name": "Small",
					"size": "17px",
					"slug": "small",
					"fluid": {
						"min": "16px",
						"max": "17px"
					}
				},
				{
					"name": "Medium",
					"size": "18px",
					"slug": "medium",
					"fluid": {
						"min": "17px",
						"max": "18px"
					}
				},
				{
					"name": "Large",
					"size": "40px",
					"slug": "large"
				},
				{
					"name": "Extra Large",
					"size": "52px",
					"slug": "x-large"
				},
				{
					"name": "2X Large",
					"size": "66px",
					"slug": "xx-large"
				}
			]
		}
	},
	"styles": {
		"blocks": {
			"core/navigation": {
				"typography": {
					"fontSize": "var(--wp--preset--font-size--medium)",
					"fontFamily": "var(--wp--preset--font-family--messapia-bold)",
					"fontWeight": "400",
					"letterSpacing": "-0.005em"
				}
			},
			"core/site-title": {
				"typography": {
					"fontSize": "var(--wp--preset--font-size--medium)",
					"fontFamily": "var(--wp--preset--font-family--messapia-bold)",
					"fontWeight": "400",
					"letterSpacing": "-0.005em"
				}
			}
		},
		"elements": {
			"button": {
				"typography": {
					"fontFamily": "var(--wp--preset--font-family--messapia-bold)",
					"fontSize": "16px",
					"fontWeight": "400"
				}
			},
			"heading": {
				"typography": {
					"fontFamily": "var(--wp--preset--font-family--messapia-bold)",
					"fontWeight": "400",
					"letterSpacing": "-0.005em",
					"lineHeight": "1"
				}
			},
			"h2": {
				"typography": {
					"lineHeight": "1.15"
				}
			},
			"h3": {
				"typography": {
					"lineHeight": "1.15"
				}
			},
			"h4": {
				"typography": {
					"lineHeight": "1.2"
				}
			}
		},
		"typography": {
			"fontFamily": "var(--wp--preset--font-family--bricolage-grotesque)",
			"fontWeight": "300",
			"lineHeight": "1.55",
			"fontSize": "var(--wp--preset--font-size--small)"
		}
	}
}
