{
	"$schema": "https://schemas.wp.org/trunk/theme.json",
	"version": 3,
	"title": "Fahkwang & Roboto",
	"categories": [
	  "sans-serif",
	  "modern",
	  "clean",
	  "versatile",
	  "contemporary",
	  "professional"
	],
	"settings": {
		"typography": {
			"fontSizes": [
				{
					"name": "Small",
					"size": "14px",
					"slug": "small"
				},
				{
					"name": "Medium",
					"size": "26px",
					"slug": "medium"
				},
				{
					"name": "Large",
					"size": "40px",
					"slug": "large"
				},
				{
					"name": "Extra Large",
					"size": "50px",
					"slug": "x-large",
					"fluid": {
						"min": "20px",
						"max": "50px"
					}
				},
				{
					"name": "2X Large",
					"size": "70px",
					"slug": "xx-large",
					"fluid": {
						"min": "26px",
						"max": "70px"
					}
				}
			]
		}
	},
	"styles": {
		"blocks": {
			"core/site-title": {
				"typography": {
					"fontWeight": "400",
					"textTransform": "uppercase",
					"fontFamily": "var(--wp--preset--font-family--fahkwang)",
					"fontStyle": "italic",
					"fontSize": "18px",
					"letterSpacing": "0.0085em"
				}
			},
			"core/navigation": {
				"typography": {
					"fontWeight": "400",
					"textTransform": "uppercase",
					"fontFamily": "var(--wp--preset--font-family--fahkwang)",
					"fontStyle": "italic",
					"fontSize": "18px",
					"letterSpacing": "0.0085em"
				}
			}
		},
		"elements": {
			"button": {
				"typography": {
					"fontWeight": "400",
					"textTransform": "uppercase",
					"fontFamily": "var(--wp--preset--font-family--fahkwang)",
					"fontStyle": "italic",
					"fontSize": "16px",
					"letterSpacing": "0.05em"
				}
			},
			"heading": {
				"typography": {
					"fontFamily": "var(--wp--preset--font-family--fahkwang)",
					"fontWeight": "400",
					"lineHeight": "0.75",
					"letterSpacing": "0.005em",
					"textTransform": "uppercase"
				}
			}
		},
		"typography": {
			"fontFamily": "var(--wp--preset--font-family--roboto)",
			"fontSize": "16px",
			"fontStyle": "normal",
			"fontWeight": "300",
			"lineHeight": "1.85",
			"letterSpacing": "0.0025em"
		}
	}
}
