{
	"$schema": "https://schemas.wp.org/trunk/theme.json",
	"version": 3,
	"title": "Fjalla",
	"categories": ["sans-serif", "bold", "display", "dynamic"],
	"settings": {
		"typography": {
			"fontSizes": [
				{
					"name": "Small",
					"size": "16px",
					"slug": "small"
				},
				{
					"name": "Medium",
					"size": "24px",
					"slug": "medium"
				},
				{
					"name": "Large",
					"size": "48px",
					"slug": "large"
				},
				{
					"name": "Extra Large",
					"size": "52px",
					"slug": "x-large"
				},
				{
					"name": "2X Large",
					"size": "86px",
					"slug": "xx-large",
					"fluid": {
						"min": "36px",
						"max": "86px"
					}
				}
			]
		}
	},
	"styles": {
		"blocks": {
			"core/navigation": {
				"typography": {
					"fontSize": "var(--wp--preset--font-size--small)"
				}
			},
			"core/site-title": {
				"typography": {
					"fontSize": "32px"
				}
			}
		},
		"elements": {
			"button": {
				"typography": {
					"fontFamily": "var(--wp--preset--font-family--libre-baskerville)",
					"fontSize": "var(--wp--preset--font-size--small)"
				}
			},
			"heading": {
				"typography": {
					"fontFamily": "var(--wp--preset--font-family--fjalla-one)",
					"fontWeight": "600"
				}
			},
			"h1": {
				"typography": {
					"fontSize": "var(--wp--preset--font-size--xx-large)",
					"textTransform": "uppercase",
					"lineHeight": "0.95"
				}
			},
			"h2": {
				"typography": {
					"fontSize": "var(--wp--preset--font-size--x-large)",
					"textTransform": "uppercase"
				}
			},
			"h3": {
				"typography": {
					"fontSize": "var(--wp--preset--font-size--large)",
					"textTransform": "uppercase"
				}
			},
			"h4": {
				"typography": {
					"fontSize": "var(--wp--preset--font-size--medium)",
					"fontWeight": "700",
					"fontFamily": "var(--wp--preset--font-family--inter)"
				}
			},
			"h5": {
				"typography": {
					"fontSize": "var(--wp--preset--font-size--medium)",
					"fontFamily": "var(--wp--preset--font-family--inter)"
				}
			},
			"h6": {
				"typography": {
					"fontSize": "var(--wp--preset--font-size--small)",
					"fontFamily": "var(--wp--preset--font-family--inter)"
				}
			}
		},
		"typography": {
			"fontFamily": "var(--wp--preset--font-family--libre-baskerville)",
			"fontWeight": "400",
			"fontSize": "var(--wp--preset--font-size--small)",
			"lineHeight": "1.8"
		}
	}
}
