{
	"$schema": "https://schemas.wp.org/trunk/theme.json",
	"version": 3,
	"title": "Instrument Serif & Urbanist",
	"categories": [
	  "serif",
	  "elegant",
	  "classic",
	  "modern",
	  "versatile",
	  "professional"
	],
	"settings": {
		"typography": {
			"fontSizes": [
				{
					"name": "Small",
					"size": "17px",
					"slug": "small",
					"fluid": {
						"min": "15px",
						"max": "17px"
					}
				},
				{
					"name": "Medium",
					"size": "20px",
					"slug": "medium",
					"fluid": {
						"min": "18px",
						"max": "20px"
					}
				},
				{
					"name": "Large",
					"size": "42px",
					"slug": "large"
				},
				{
					"name": "Extra Large",
					"size": "72px",
					"slug": "x-large",
					"fluid": {
						"min": "30px",
						"max": "72px"
					}
				},
				{
					"name": "2X Large",
					"size": "100px",
					"slug": "xx-large",
					"fluid": {
						"min": "40px",
						"max": "100px"
					}
				}
			]
		}
	},
	"styles": {
		"blocks": {
			"core/site-title": {
				"typography": {
					"fontFamily": "var(--wp--preset--font-family--instrument-serif)",
					"fontSize": "var(--wp--preset--font-size--medium)",
					"fontWeight": "400",
					"fontStyle": "italic"
				}
			},
			"core/navigation": {
				"typography": {
					"fontFamily": "var(--wp--preset--font-family--instrument-serif)",
					"fontSize": "var(--wp--preset--font-size--medium)",
					"fontWeight": "400",
					"fontStyle": "italic"
				}
			}
		},
		"elements": {
			"button": {
				"typography": {
					"fontFamily": "var(--wp--preset--font-family--instrument-serif)",
					"fontSize": "var(--wp--preset--font-size--medium)",
					"fontWeight": "400",
					"fontStyle": "italic"
				}
			},
			"h1": {
				"typography": {
					"fontFamily": "var(--wp--preset--font-family--instrument-serif)",
					"fontSize": "160px",
					"lineHeight": "0.9",
					"fontWeight": "400",
					"letterSpacing": "-0.005em"
				}
			},
			"h2": {
				"typography": {
					"fontFamily": "var(--wp--preset--font-family--instrument-serif)",
					"letterSpacing": "-0.005em",
					"fontWeight": "400",
					"lineHeight": "1.1"
				}
			},
			"h3": {
				"typography": {
					"lineHeight": "1.1"
				}
			},
			"heading": {
				"typography": {
					"fontFamily": "var(--wp--preset--font-family--urbanist)",
					"fontWeight": "600",
					"lineHeight": "1"
				}
			}
		},
		"typography": {
			"fontFamily": "var(--wp--preset--font-family--urbanist)",
			"fontSize": "var(--wp--preset--font-size--small)",
			"fontWeight": "400",
			"lineHeight": "1.55"
		}
	}
}
