{
	"$schema": "https://schemas.wp.org/trunk/theme.json",
	"version": 3,
	"title": "Inter & Ibarra",
	"categories": [
	  "serif",
	  "traditional",
	  "formal",
	  "legible",
	  "business",
	  "professional"
	],
	"settings": {
		"typography": {
			"fontSizes": [
				{
					"name": "Small",
					"size": "17px",
					"slug": "small",
					"fluid": {
						"min": "15px",
						"max": "17px"
					}
				},
				{
					"name": "Medium",
					"size": "19px",
					"slug": "medium",
					"fluid": {
						"min": "18px",
						"max": "19px"
					}
				},
				{
					"name": "Large",
					"size": "40px",
					"slug": "large"
				},
				{
					"name": "Extra Large",
					"size": "62px",
					"slug": "x-large"
				},
				{
					"name": "2X Large",
					"size": "100px",
					"slug": "xx-large"
				}
			]
		}
	},
	"styles": {
		"blocks": {
			"core/site-title": {
				"typography": {
					"fontFamily": "var(--wp--preset--font-family--inter)",
					"fontSize": "var(--wp--preset--font-size--small)",
					"fontWeight": "400"
				}
			},
			"core/navigation": {
				"typography": {
					"fontFamily": "var(--wp--preset--font-family--inter)",
					"fontSize": "var(--wp--preset--font-size--small)",
					"fontWeight": "300"
				}
			}
		},
		"elements": {
			"button": {
				"typography": {
					"fontFamily": "var(--wp--preset--font-family--inter)",
					"fontSize": "var(--wp--preset--font-size--small)",
					"fontWeight": "400"
				}
			},
			"h1": {
				"typography": {
					"lineHeight": "0.9"
				}
			},
			"heading": {
				"typography": {
					"fontFamily": "var(--wp--preset--font-family--inter)",
					"fontWeight": "500"
				}
			}
		},
		"typography": {
			"fontFamily": "var(--wp--preset--font-family--ibarra-real-nova)",
			"fontSize": "var(--wp--preset--font-size--medium)",
			"fontStyle": "normal",
			"fontWeight": "400",
			"lineHeight": "1.7"
		}
	}
}
