{
	"$schema": "https://schemas.wp.org/trunk/theme.json",
	"version": 3,
	"title": "Sora",
	"categories": ["sans-serif", "clean", "modern", "contemporary"],
	"settings": {
		"typography": {
			"fontSizes": [
				{
					"name": "Small",
					"size": "18px",
					"slug": "small",
					"fluid": {
						"min": "16px",
						"max": "17px"
					}
				},
				{
					"name": "Medium",
					"size": "24px",
					"slug": "medium"
				},
				{
					"name": "Large",
					"size": "40px",
					"slug": "large"
				},
				{
					"name": "Extra Large",
					"size": "56px",
					"slug": "x-large",
					"fluid": {
						"min": "30px",
						"max": "56px"
					}
				},
				{
					"name": "2X Large",
					"size": "80px",
					"slug": "xx-large",
					"fluid": {
						"min": "40px",
						"max": "80px"
					}
				}
			]
		}
	},
	"styles": {
		"blocks": {
			"core/navigation": {
				"typography": {
					"fontSize": "16px",
					"fontWeight": "250"
				}
			},
			"core/site-title": {
				"typography": {
					"fontSize": "var(--wp--preset--font-size--medium)",
					"fontWeight": "600"
				}
			}
		},
		"elements": {
			"button": {
				"typography": {
					"fontFamily": "var(--wp--preset--font-family--sora)",
					"fontSize": "16px",
					"fontWeight": "300"
				}
			},
			"heading": {
				"typography": {
					"fontFamily": "var(--wp--preset--font-family--sora)",
					"fontWeight": "600",
					"lineHeight": "1.1"
				}
			}
		},
		"typography": {
			"fontFamily": "var(--wp--preset--font-family--sora)",
			"fontWeight": "250",
			"lineHeight": "1.65",
			"fontSize": "var(--wp--preset--font-size--small)"
		}
	}
}
